[{
		"question": "What is depth of the cyclindrical metal measure used in this experiment?",
		"answers": {
			"a": "45mm",
			"b": "50mm",
			"c": "55mm",
			"d": "60mm"
		},
		"correctAnswer": "b"
	},
	{
		"question": "What is the use of Impact Test? ",
		"answers": {
			"a": "Resistance of an aggregates to loads",
			"b": "Resistance of aggregates under loads",
			"c": "Resistance of aggregates to sudden impact",
			"d": "Resistance of aggregates to abrasion"
		},
		"correctAnswer": "c"
	},
	{
		"question": "What should be the Impact Value of aggregates used in concrete?",
		"answers": {
			"a": "Not less than 40%",
			"b": "Not less than 45%",
			"c": "More than 50%",
			"d": "More than 55%"
		},
		"correctAnswer": "a"
	},
	{
		"question": "Which property of the material is used to resist Impact? ",
		"answers": {
			"a": "Strength",
			"b": "Durability",
			"c": "Toughness",
			"d": "Abrasion"
		},
		"correctAnswer": "c"
	},
	{
		"question": "Aggregate can be said as strong, when the impact value is very less. (Say True or False)",
		"answers": {
			"a": "True",
			"b": "False"
		},
		"correctAnswer": "a"
}]